url,primary_category,secondary_category,product_category
https://www.bigbasket.com/pc/fruits-vegetables/fresh-vegetables/potato-onion-tomato/,fruits-vegetables,fresh-vegetables,potato-onion-tomato
https://www.bigbasket.com/pc/fruits-vegetables/fresh-vegetables/cucumber-capsicum/,fruits-vegetables,fresh-vegetables,cucumber-capsicum
https://www.bigbasket.com/pc/fruits-vegetables/fresh-vegetables/leafy-vegetables/,fruits-vegetables,fresh-vegetables,leafy-vegetables
https://www.bigbasket.com/pc/fruits-vegetables/fresh-vegetables/root-vegetables/,fruits-vegetables,fresh-vegetables,root-vegetables
https://www.bigbasket.com/pc/fruits-vegetables/fresh-vegetables/beans-brinjals-okra/,fruits-vegetables,fresh-vegetables,beans-brinjals-okra
https://www.bigbasket.com/pc/fruits-vegetables/fresh-vegetables/cabbage-cauliflower/,fruits-vegetables,fresh-vegetables,cabbage-cauliflower
https://www.bigbasket.com/pc/fruits-vegetables/fresh-vegetables/gourd-pumpkin-drumstick/,fruits-vegetables,fresh-vegetables,gourd-pumpkin-drumstick
https://www.bigbasket.com/pc/fruits-vegetables/fresh-vegetables/specialty/,fruits-vegetables,fresh-vegetables,specialty
https://www.bigbasket.com/pc/fruits-vegetables/herbs-seasonings/lemon-ginger-garlic/,fruits-vegetables,herbs-seasonings,lemon-ginger-garlic
https://www.bigbasket.com/pc/fruits-vegetables/herbs-seasonings/indian-exotic-herbs/,fruits-vegetables,herbs-seasonings,indian-exotic-herbs
https://www.bigbasket.com/pc/fruits-vegetables/fresh-fruits/banana-sapota-papaya/,fruits-vegetables,fresh-fruits,banana-sapota-papaya
https://www.bigbasket.com/pc/fruits-vegetables/fresh-fruits/kiwi-melon-citrus-fruit/,fruits-vegetables,fresh-fruits,kiwi-melon-citrus-fruit
https://www.bigbasket.com/pc/fruits-vegetables/fresh-fruits/apples-pomegranate/,fruits-vegetables,fresh-fruits,apples-pomegranate
https://www.bigbasket.com/pc/fruits-vegetables/fresh-fruits/seasonal-fruits/,fruits-vegetables,fresh-fruits,seasonal-fruits
https://www.bigbasket.com/pc/fruits-vegetables/fresh-fruits/mangoes/,fruits-vegetables,fresh-fruits,mangoes
https://www.bigbasket.com/pc/fruits-vegetables/fresh-fruits/fruit-baskets/,fruits-vegetables,fresh-fruits,fruit-baskets
https://www.bigbasket.com/pc/fruits-vegetables/organic-fruits-vegetables/organic-vegetables/,fruits-vegetables,organic-fruits-vegetables,organic-vegetables
https://www.bigbasket.com/pc/fruits-vegetables/organic-fruits-vegetables/organic-fruits/,fruits-vegetables,organic-fruits-vegetables,organic-fruits
https://www.bigbasket.com/pc/fruits-vegetables/cuts-sprouts/cut-fruit-tender-coconut/,fruits-vegetables,cuts-sprouts,cut-fruit-tender-coconut
https://www.bigbasket.com/pc/fruits-vegetables/cuts-sprouts/cut-peeled-veggies/,fruits-vegetables,cuts-sprouts,cut-peeled-veggies
https://www.bigbasket.com/pc/fruits-vegetables/cuts-sprouts/fresh-salads-sprouts/,fruits-vegetables,cuts-sprouts,fresh-salads-sprouts
https://www.bigbasket.com/pc/fruits-vegetables/cuts-sprouts/recipe-packs/,fruits-vegetables,cuts-sprouts,recipe-packs
https://www.bigbasket.com/pc/fruits-vegetables/exotic-fruits-veggies/exotic-vegetables/,fruits-vegetables,exotic-fruits-veggies,exotic-vegetables
https://www.bigbasket.com/pc/fruits-vegetables/exotic-fruits-veggies/exotic-fruits/,fruits-vegetables,exotic-fruits-veggies,exotic-fruits
https://www.bigbasket.com/pc/fruits-vegetables/flower-bouquets-bunches/marigold/,fruits-vegetables,flower-bouquets-bunches,marigold
https://www.bigbasket.com/pc/fruits-vegetables/flower-bouquets-bunches/other-flowers/,fruits-vegetables,flower-bouquets-bunches,other-flowers
https://www.bigbasket.com/pc/fruits-vegetables/flower-bouquets-bunches/roses/,fruits-vegetables,flower-bouquets-bunches,roses
https://www.bigbasket.com/pc/foodgrains-oil-masala/atta-flours-sooji/atta-whole-wheat/,foodgrains-oil-masala,atta-flours-sooji,atta-whole-wheat
https://www.bigbasket.com/pc/foodgrains-oil-masala/atta-flours-sooji/sooji-maida-besan/,foodgrains-oil-masala,atta-flours-sooji,sooji-maida-besan
https://www.bigbasket.com/pc/foodgrains-oil-masala/atta-flours-sooji/rice-other-flours/,foodgrains-oil-masala,atta-flours-sooji,rice-other-flours
https://www.bigbasket.com/pc/foodgrains-oil-masala/rice-rice-products/raw-rice/,foodgrains-oil-masala,rice-rice-products,raw-rice
https://www.bigbasket.com/pc/foodgrains-oil-masala/rice-rice-products/poha-sabudana-murmura/,foodgrains-oil-masala,rice-rice-products,poha-sabudana-murmura
https://www.bigbasket.com/pc/foodgrains-oil-masala/rice-rice-products/basmati-rice/,foodgrains-oil-masala,rice-rice-products,basmati-rice
https://www.bigbasket.com/pc/foodgrains-oil-masala/rice-rice-products/boiled-steam-rice/,foodgrains-oil-masala,rice-rice-products,boiled-steam-rice
https://www.bigbasket.com/pc/foodgrains-oil-masala/dals-pulses/toor-channa-moong-dal/,foodgrains-oil-masala,dals-pulses,toor-channa-moong-dal
https://www.bigbasket.com/pc/foodgrains-oil-masala/dals-pulses/cereals-millets/,foodgrains-oil-masala,dals-pulses,cereals-millets
https://www.bigbasket.com/pc/foodgrains-oil-masala/dals-pulses/urad-other-dals/,foodgrains-oil-masala,dals-pulses,urad-other-dals
https://www.bigbasket.com/pc/foodgrains-oil-masala/organic-staples/organic-dry-fruits/,foodgrains-oil-masala,organic-staples,organic-dry-fruits
https://www.bigbasket.com/pc/foodgrains-oil-masala/organic-staples/organic-dals-pulses/,foodgrains-oil-masala,organic-staples,organic-dals-pulses
https://www.bigbasket.com/pc/foodgrains-oil-masala/organic-staples/organic-millet-flours/,foodgrains-oil-masala,organic-staples,organic-millet-flours
https://www.bigbasket.com/pc/foodgrains-oil-masala/organic-staples/organic-sugar-jaggery/,foodgrains-oil-masala,organic-staples,organic-sugar-jaggery
https://www.bigbasket.com/pc/foodgrains-oil-masala/organic-staples/organic-masalas-spices/,foodgrains-oil-masala,organic-staples,organic-masalas-spices
https://www.bigbasket.com/pc/foodgrains-oil-masala/organic-staples/organic-rice-other-rice/,foodgrains-oil-masala,organic-staples,organic-rice-other-rice
https://www.bigbasket.com/pc/foodgrains-oil-masala/organic-staples/organic-flours/,foodgrains-oil-masala,organic-staples,organic-flours
https://www.bigbasket.com/pc/foodgrains-oil-masala/organic-staples/organic-edible-oil-ghee/,foodgrains-oil-masala,organic-staples,organic-edible-oil-ghee
https://www.bigbasket.com/pc/foodgrains-oil-masala/edible-oils-ghee/blended-cooking-oils/,foodgrains-oil-masala,edible-oils-ghee,blended-cooking-oils
https://www.bigbasket.com/pc/foodgrains-oil-masala/edible-oils-ghee/sunflower-rice-bran-oil/,foodgrains-oil-masala,edible-oils-ghee,sunflower-rice-bran-oil
https://www.bigbasket.com/pc/foodgrains-oil-masala/edible-oils-ghee/soya-mustard-oils/,foodgrains-oil-masala,edible-oils-ghee,soya-mustard-oils
https://www.bigbasket.com/pc/foodgrains-oil-masala/edible-oils-ghee/ghee-vanaspati/,foodgrains-oil-masala,edible-oils-ghee,ghee-vanaspati
https://www.bigbasket.com/pc/foodgrains-oil-masala/edible-oils-ghee/gingelly-oil/,foodgrains-oil-masala,edible-oils-ghee,gingelly-oil
https://www.bigbasket.com/pc/foodgrains-oil-masala/edible-oils-ghee/gingelly-groundnut-oils/,foodgrains-oil-masala,edible-oils-ghee,gingelly-groundnut-oils
https://www.bigbasket.com/pc/foodgrains-oil-masala/edible-oils-ghee/cooking-coconut-oil/,foodgrains-oil-masala,edible-oils-ghee,cooking-coconut-oil
https://www.bigbasket.com/pc/foodgrains-oil-masala/edible-oils-ghee/olive-canola-oils/,foodgrains-oil-masala,edible-oils-ghee,olive-canola-oils
https://www.bigbasket.com/pc/foodgrains-oil-masala/edible-oils-ghee/other-edible-oils/,foodgrains-oil-masala,edible-oils-ghee,other-edible-oils
https://www.bigbasket.com/pc/foodgrains-oil-masala/edible-oils-ghee/cold-pressed-oil/,foodgrains-oil-masala,edible-oils-ghee,cold-pressed-oil
https://www.bigbasket.com/pc/foodgrains-oil-masala/salt-sugar-jaggery/sugar-jaggery/,foodgrains-oil-masala,salt-sugar-jaggery,sugar-jaggery
https://www.bigbasket.com/pc/foodgrains-oil-masala/salt-sugar-jaggery/salts/,foodgrains-oil-masala,salt-sugar-jaggery,salts
https://www.bigbasket.com/pc/foodgrains-oil-masala/salt-sugar-jaggery/sugarfree-sweeteners/,foodgrains-oil-masala,salt-sugar-jaggery,sugarfree-sweeteners
https://www.bigbasket.com/pc/foodgrains-oil-masala/masalas-spices/whole-spices/,foodgrains-oil-masala,masalas-spices,whole-spices
https://www.bigbasket.com/pc/foodgrains-oil-masala/masalas-spices/powdered-spices/,foodgrains-oil-masala,masalas-spices,powdered-spices
https://www.bigbasket.com/pc/foodgrains-oil-masala/masalas-spices/cooking-pastes/,foodgrains-oil-masala,masalas-spices,cooking-pastes
https://www.bigbasket.com/pc/foodgrains-oil-masala/masalas-spices/herbs-seasoning/,foodgrains-oil-masala,masalas-spices,herbs-seasoning
https://www.bigbasket.com/pc/foodgrains-oil-masala/masalas-spices/blended-masalas/,foodgrains-oil-masala,masalas-spices,blended-masalas
https://www.bigbasket.com/pc/foodgrains-oil-masala/dry-fruits/almonds/,foodgrains-oil-masala,dry-fruits,almonds
https://www.bigbasket.com/pc/foodgrains-oil-masala/dry-fruits/cashews/,foodgrains-oil-masala,dry-fruits,cashews
https://www.bigbasket.com/pc/foodgrains-oil-masala/dry-fruits/raisins/,foodgrains-oil-masala,dry-fruits,raisins
https://www.bigbasket.com/pc/foodgrains-oil-masala/dry-fruits/mukhwas/,foodgrains-oil-masala,dry-fruits,mukhwas
https://www.bigbasket.com/pc/foodgrains-oil-masala/dry-fruits/other-dry-fruits/,foodgrains-oil-masala,dry-fruits,other-dry-fruits
https://www.bigbasket.com/pc/bakery-cakes-dairy/dairy/milk/,bakery-cakes-dairy,dairy,milk
https://www.bigbasket.com/pc/bakery-cakes-dairy/dairy/curd/,bakery-cakes-dairy,dairy,curd
https://www.bigbasket.com/pc/bakery-cakes-dairy/dairy/paneer-tofu-cream/,bakery-cakes-dairy,dairy,paneer-tofu-cream
https://www.bigbasket.com/pc/bakery-cakes-dairy/dairy/butter-margarine/,bakery-cakes-dairy,dairy,butter-margarine
https://www.bigbasket.com/pc/bakery-cakes-dairy/dairy/condensed-powdered-milk/,bakery-cakes-dairy,dairy,condensed-powdered-milk
https://www.bigbasket.com/pc/bakery-cakes-dairy/dairy/cheese/,bakery-cakes-dairy,dairy,cheese
https://www.bigbasket.com/pc/bakery-cakes-dairy/dairy/buttermilk-lassi/,bakery-cakes-dairy,dairy,buttermilk-lassi
https://www.bigbasket.com/pc/bakery-cakes-dairy/dairy/yogurt-shrikhand/,bakery-cakes-dairy,dairy,yogurt-shrikhand
https://www.bigbasket.com/pc/bakery-cakes-dairy/dairy/flavoured-soya-milk/,bakery-cakes-dairy,dairy,flavoured-soya-milk
https://www.bigbasket.com/pc/bakery-cakes-dairy/breads-buns/brown-wheat-multigrain/,bakery-cakes-dairy,breads-buns,brown-wheat-multigrain
https://www.bigbasket.com/pc/bakery-cakes-dairy/breads-buns/milk-white-sandwich/,bakery-cakes-dairy,breads-buns,milk-white-sandwich
https://www.bigbasket.com/pc/bakery-cakes-dairy/breads-buns/buns-pavs-pizza-base/,bakery-cakes-dairy,breads-buns,buns-pavs-pizza-base
https://www.bigbasket.com/pc/bakery-cakes-dairy/non-dairy/dairy-free-vegan/,bakery-cakes-dairy,non-dairy,dairy-free-vegan
https://www.bigbasket.com/pc/bakery-cakes-dairy/gourmet-breads/croissants-bagels/,bakery-cakes-dairy,gourmet-breads,croissants-bagels
https://www.bigbasket.com/pc/bakery-cakes-dairy/gourmet-breads/panini-focaccia-pita/,bakery-cakes-dairy,gourmet-breads,panini-focaccia-pita
https://www.bigbasket.com/pc/bakery-cakes-dairy/gourmet-breads/bagels-baguette/,bakery-cakes-dairy,gourmet-breads,bagels-baguette
https://www.bigbasket.com/pc/bakery-cakes-dairy/gourmet-breads/gourmet-bread/,bakery-cakes-dairy,gourmet-breads,gourmet-bread
https://www.bigbasket.com/pc/bakery-cakes-dairy/cookies-rusk-khari/rusks/,bakery-cakes-dairy,cookies-rusk-khari,rusks
https://www.bigbasket.com/pc/bakery-cakes-dairy/cookies-rusk-khari/khari-cream-rolls/,bakery-cakes-dairy,cookies-rusk-khari,khari-cream-rolls
https://www.bigbasket.com/pc/bakery-cakes-dairy/cookies-rusk-khari/premium-cookies/,bakery-cakes-dairy,cookies-rusk-khari,premium-cookies
https://www.bigbasket.com/pc/bakery-cakes-dairy/cookies-rusk-khari/bakery-biscuits-cookies/,bakery-cakes-dairy,cookies-rusk-khari,bakery-biscuits-cookies
https://www.bigbasket.com/pc/bakery-cakes-dairy/ice-creams-desserts/ice-creams/,bakery-cakes-dairy,ice-creams-desserts,ice-creams
https://www.bigbasket.com/pc/bakery-cakes-dairy/bakery-snacks/bread-sticks-lavash/,bakery-cakes-dairy,bakery-snacks,bread-sticks-lavash
https://www.bigbasket.com/pc/bakery-cakes-dairy/bakery-snacks/cheese-garlic-bread/,bakery-cakes-dairy,bakery-snacks,cheese-garlic-bread
https://www.bigbasket.com/pc/bakery-cakes-dairy/bakery-snacks/puffs-patties-sandwiches/,bakery-cakes-dairy,bakery-snacks,puffs-patties-sandwiches
https://www.bigbasket.com/pc/bakery-cakes-dairy/bakery-snacks/breadcrumbs-croutons/,bakery-cakes-dairy,bakery-snacks,breadcrumbs-croutons
https://www.bigbasket.com/pc/bakery-cakes-dairy/cakes-pastries/tea-cakes-slice-cakes/,bakery-cakes-dairy,cakes-pastries,tea-cakes-slice-cakes
https://www.bigbasket.com/pc/bakery-cakes-dairy/cakes-pastries/muffins-cup-cakes/,bakery-cakes-dairy,cakes-pastries,muffins-cup-cakes
https://www.bigbasket.com/pc/bakery-cakes-dairy/cakes-pastries/pastries-brownies/,bakery-cakes-dairy,cakes-pastries,pastries-brownies
https://www.bigbasket.com/pc/bakery-cakes-dairy/cakes-pastries/birthday-party-cakes/,bakery-cakes-dairy,cakes-pastries,birthday-party-cakes
https://www.bigbasket.com/pc/bakery-cakes-dairy/cakes-pastries/doughnuts-mousses/,bakery-cakes-dairy,cakes-pastries,doughnuts-mousses
https://www.bigbasket.com/pc/beverages/energy-soft-drinks/soda-cocktail-mix/,beverages,energy-soft-drinks,soda-cocktail-mix
https://www.bigbasket.com/pc/beverages/energy-soft-drinks/cold-drinks/,beverages,energy-soft-drinks,cold-drinks
https://www.bigbasket.com/pc/beverages/energy-soft-drinks/sports-energy-drinks/,beverages,energy-soft-drinks,sports-energy-drinks
https://www.bigbasket.com/pc/beverages/energy-soft-drinks/non-alcoholic-drinks/,beverages,energy-soft-drinks,non-alcoholic-drinks
https://www.bigbasket.com/pc/beverages/water/packaged-water/,beverages,water,packaged-water
https://www.bigbasket.com/pc/beverages/water/spring-water/,beverages,water,spring-water
https://www.bigbasket.com/pc/beverages/health-drink-supplement/kids-5yrs/,beverages,health-drink-supplement,kids-5yrs
https://www.bigbasket.com/pc/beverages/health-drink-supplement/children-2-5-yrs/,beverages,health-drink-supplement,children-2-5-yrs
https://www.bigbasket.com/pc/beverages/health-drink-supplement/men-women/,beverages,health-drink-supplement,men-women
https://www.bigbasket.com/pc/beverages/health-drink-supplement/diabetic-drinks/,beverages,health-drink-supplement,diabetic-drinks
https://www.bigbasket.com/pc/beverages/health-drink-supplement/glucose-powder-tablets/,beverages,health-drink-supplement,glucose-powder-tablets
https://www.bigbasket.com/pc/beverages/tea/leaf-dust-tea/,beverages,tea,leaf-dust-tea
https://www.bigbasket.com/pc/beverages/tea/green-tea/,beverages,tea,green-tea
https://www.bigbasket.com/pc/beverages/tea/exotic-flavoured-tea/,beverages,tea,exotic-flavoured-tea
https://www.bigbasket.com/pc/beverages/tea/tea-bags/,beverages,tea,tea-bags
https://www.bigbasket.com/pc/beverages/coffee/ground-coffee/,beverages,coffee,ground-coffee
https://www.bigbasket.com/pc/beverages/coffee/instant-coffee/,beverages,coffee,instant-coffee
https://www.bigbasket.com/pc/beverages/fruit-juices-drinks/unsweetened-cold-press/,beverages,fruit-juices-drinks,unsweetened-cold-press
https://www.bigbasket.com/pc/beverages/fruit-juices-drinks/juices/,beverages,fruit-juices-drinks,juices
https://www.bigbasket.com/pc/beverages/fruit-juices-drinks/syrups-concentrates/,beverages,fruit-juices-drinks,syrups-concentrates
https://www.bigbasket.com/pc/snacks-branded-foods/noodle-pasta-vermicelli/instant-noodles/,snacks-branded-foods,noodle-pasta-vermicelli,instant-noodles
https://www.bigbasket.com/pc/snacks-branded-foods/noodle-pasta-vermicelli/hakka-noodles/,snacks-branded-foods,noodle-pasta-vermicelli,hakka-noodles
https://www.bigbasket.com/pc/snacks-branded-foods/noodle-pasta-vermicelli/cup-noodles/,snacks-branded-foods,noodle-pasta-vermicelli,cup-noodles
https://www.bigbasket.com/pc/snacks-branded-foods/noodle-pasta-vermicelli/vermicelli/,snacks-branded-foods,noodle-pasta-vermicelli,vermicelli
https://www.bigbasket.com/pc/snacks-branded-foods/noodle-pasta-vermicelli/instant-pasta/,snacks-branded-foods,noodle-pasta-vermicelli,instant-pasta
https://www.bigbasket.com/pc/snacks-branded-foods/noodle-pasta-vermicelli/pasta-macaroni/,snacks-branded-foods,noodle-pasta-vermicelli,pasta-macaroni
https://www.bigbasket.com/pc/snacks-branded-foods/breakfast-cereals/oats-porridge/,snacks-branded-foods,breakfast-cereals,oats-porridge
https://www.bigbasket.com/pc/snacks-branded-foods/breakfast-cereals/kids-cereal/,snacks-branded-foods,breakfast-cereals,kids-cereal
https://www.bigbasket.com/pc/snacks-branded-foods/breakfast-cereals/muesli/,snacks-branded-foods,breakfast-cereals,muesli
https://www.bigbasket.com/pc/snacks-branded-foods/breakfast-cereals/flakes/,snacks-branded-foods,breakfast-cereals,flakes
https://www.bigbasket.com/pc/snacks-branded-foods/breakfast-cereals/granola-cereal-bars/,snacks-branded-foods,breakfast-cereals,granola-cereal-bars
https://www.bigbasket.com/pc/snacks-branded-foods/frozen-veggies-snacks/frozen-vegetables/,snacks-branded-foods,frozen-veggies-snacks,frozen-vegetables
https://www.bigbasket.com/pc/snacks-branded-foods/frozen-veggies-snacks/frozen-indian-breads/,snacks-branded-foods,frozen-veggies-snacks,frozen-indian-breads
https://www.bigbasket.com/pc/snacks-branded-foods/frozen-veggies-snacks/frozen-veg-snacks/,snacks-branded-foods,frozen-veggies-snacks,frozen-veg-snacks
https://www.bigbasket.com/pc/snacks-branded-foods/frozen-veggies-snacks/frozen-non-veg-snacks/,snacks-branded-foods,frozen-veggies-snacks,frozen-non-veg-snacks
https://www.bigbasket.com/pc/snacks-branded-foods/biscuits-cookies/salted-biscuits/,snacks-branded-foods,biscuits-cookies,salted-biscuits
https://www.bigbasket.com/pc/snacks-branded-foods/biscuits-cookies/marie-health-digestive/,snacks-branded-foods,biscuits-cookies,marie-health-digestive
https://www.bigbasket.com/pc/snacks-branded-foods/biscuits-cookies/cream-biscuits-wafers/,snacks-branded-foods,biscuits-cookies,cream-biscuits-wafers
https://www.bigbasket.com/pc/snacks-branded-foods/biscuits-cookies/glucose-milk-biscuits/,snacks-branded-foods,biscuits-cookies,glucose-milk-biscuits
https://www.bigbasket.com/pc/snacks-branded-foods/biscuits-cookies/cookies/,snacks-branded-foods,biscuits-cookies,cookies
https://www.bigbasket.com/pc/snacks-branded-foods/snacks-namkeen/chips-corn-snacks/,snacks-branded-foods,snacks-namkeen,chips-corn-snacks
https://www.bigbasket.com/pc/snacks-branded-foods/snacks-namkeen/namkeen-savoury-snacks/,snacks-branded-foods,snacks-namkeen,namkeen-savoury-snacks
https://www.bigbasket.com/pc/snacks-branded-foods/spreads-sauces-ketchup/honey/,snacks-branded-foods,spreads-sauces-ketchup,honey
https://www.bigbasket.com/pc/snacks-branded-foods/spreads-sauces-ketchup/mayonnaise/,snacks-branded-foods,spreads-sauces-ketchup,mayonnaise
https://www.bigbasket.com/pc/snacks-branded-foods/spreads-sauces-ketchup/tomato-ketchup-sauces/,snacks-branded-foods,spreads-sauces-ketchup,tomato-ketchup-sauces
https://www.bigbasket.com/pc/snacks-branded-foods/spreads-sauces-ketchup/jam-conserve-marmalade/,snacks-branded-foods,spreads-sauces-ketchup,jam-conserve-marmalade
https://www.bigbasket.com/pc/snacks-branded-foods/spreads-sauces-ketchup/chilli-soya-sauce/,snacks-branded-foods,spreads-sauces-ketchup,chilli-soya-sauce
https://www.bigbasket.com/pc/snacks-branded-foods/spreads-sauces-ketchup/choco-nut-spread/,snacks-branded-foods,spreads-sauces-ketchup,choco-nut-spread
https://www.bigbasket.com/pc/snacks-branded-foods/spreads-sauces-ketchup/vinegar/,snacks-branded-foods,spreads-sauces-ketchup,vinegar
https://www.bigbasket.com/pc/snacks-branded-foods/spreads-sauces-ketchup/dips-dressings/,snacks-branded-foods,spreads-sauces-ketchup,dips-dressings
https://www.bigbasket.com/pc/snacks-branded-foods/ready-to-cook-eat/breakfast-snack-mixes/,snacks-branded-foods,ready-to-cook-eat,breakfast-snack-mixes
https://www.bigbasket.com/pc/snacks-branded-foods/ready-to-cook-eat/soups/,snacks-branded-foods,ready-to-cook-eat,soups
https://www.bigbasket.com/pc/snacks-branded-foods/ready-to-cook-eat/home-baking/,snacks-branded-foods,ready-to-cook-eat,home-baking
https://www.bigbasket.com/pc/snacks-branded-foods/ready-to-cook-eat/papads-ready-to-fry/,snacks-branded-foods,ready-to-cook-eat,papads-ready-to-fry
https://www.bigbasket.com/pc/snacks-branded-foods/ready-to-cook-eat/heat-eat-ready-meals/,snacks-branded-foods,ready-to-cook-eat,heat-eat-ready-meals
https://www.bigbasket.com/pc/snacks-branded-foods/ready-to-cook-eat/dessert-mixes/,snacks-branded-foods,ready-to-cook-eat,dessert-mixes
https://www.bigbasket.com/pc/snacks-branded-foods/ready-to-cook-eat/canned-food/,snacks-branded-foods,ready-to-cook-eat,canned-food
https://www.bigbasket.com/pc/snacks-branded-foods/chocolates-candies/chocolates/,snacks-branded-foods,chocolates-candies,chocolates
https://www.bigbasket.com/pc/snacks-branded-foods/chocolates-candies/toffee-candy-lollypop/,snacks-branded-foods,chocolates-candies,toffee-candy-lollypop
https://www.bigbasket.com/pc/snacks-branded-foods/chocolates-candies/mints-chewing-gum/,snacks-branded-foods,chocolates-candies,mints-chewing-gum
https://www.bigbasket.com/pc/snacks-branded-foods/chocolates-candies/gift-boxes/,snacks-branded-foods,chocolates-candies,gift-boxes
https://www.bigbasket.com/pc/snacks-branded-foods/pickles-chutney/chutney-powder/,snacks-branded-foods,pickles-chutney,chutney-powder
https://www.bigbasket.com/pc/snacks-branded-foods/pickles-chutney/lime-mango-pickle/,snacks-branded-foods,pickles-chutney,lime-mango-pickle
https://www.bigbasket.com/pc/snacks-branded-foods/pickles-chutney/other-veg-pickle/,snacks-branded-foods,pickles-chutney,other-veg-pickle
https://www.bigbasket.com/pc/snacks-branded-foods/pickles-chutney/non-veg-pickle/,snacks-branded-foods,pickles-chutney,non-veg-pickle
https://www.bigbasket.com/pc/snacks-branded-foods/indian-mithai/chikki-gajjak/,snacks-branded-foods,indian-mithai,chikki-gajjak
https://www.bigbasket.com/pc/snacks-branded-foods/indian-mithai/tinned-packed-sweets/,snacks-branded-foods,indian-mithai,tinned-packed-sweets
https://www.bigbasket.com/pc/snacks-branded-foods/indian-mithai/fresh-sweets/,snacks-branded-foods,indian-mithai,fresh-sweets
https://www.bigbasket.com/pc/beauty-hygiene/oral-care/toothpaste/,beauty-hygiene,oral-care,toothpaste
https://www.bigbasket.com/pc/beauty-hygiene/oral-care/mouthwash/,beauty-hygiene,oral-care,mouthwash
https://www.bigbasket.com/pc/beauty-hygiene/oral-care/toothbrush/,beauty-hygiene,oral-care,toothbrush
https://www.bigbasket.com/pc/beauty-hygiene/oral-care/floss-tongue-cleaner/,beauty-hygiene,oral-care,floss-tongue-cleaner
https://www.bigbasket.com/pc/beauty-hygiene/oral-care/electric-toothbrush/,beauty-hygiene,oral-care,electric-toothbrush
https://www.bigbasket.com/pc/beauty-hygiene/feminine-hygiene/sanitary-napkins/,beauty-hygiene,feminine-hygiene,sanitary-napkins
https://www.bigbasket.com/pc/beauty-hygiene/feminine-hygiene/panty-liners/,beauty-hygiene,feminine-hygiene,panty-liners
https://www.bigbasket.com/pc/beauty-hygiene/feminine-hygiene/intimate-wash-care/,beauty-hygiene,feminine-hygiene,intimate-wash-care
https://www.bigbasket.com/pc/beauty-hygiene/feminine-hygiene/hair-removal/,beauty-hygiene,feminine-hygiene,hair-removal
https://www.bigbasket.com/pc/beauty-hygiene/feminine-hygiene/tampons-menstrual-cups/,beauty-hygiene,feminine-hygiene,tampons-menstrual-cups
https://www.bigbasket.com/pc/beauty-hygiene/bath-hand-wash/hand-wash-sanitizers/,beauty-hygiene,bath-hand-wash,hand-wash-sanitizers
https://www.bigbasket.com/pc/beauty-hygiene/bath-hand-wash/bathing-bars-soaps/,beauty-hygiene,bath-hand-wash,bathing-bars-soaps
https://www.bigbasket.com/pc/beauty-hygiene/bath-hand-wash/shower-gel-body-wash/,beauty-hygiene,bath-hand-wash,shower-gel-body-wash
https://www.bigbasket.com/pc/beauty-hygiene/bath-hand-wash/talcum-powder/,beauty-hygiene,bath-hand-wash,talcum-powder
https://www.bigbasket.com/pc/beauty-hygiene/bath-hand-wash/bathing-accessories/,beauty-hygiene,bath-hand-wash,bathing-accessories
https://www.bigbasket.com/pc/beauty-hygiene/bath-hand-wash/bath-salts-oils/,beauty-hygiene,bath-hand-wash,bath-salts-oils
https://www.bigbasket.com/pc/beauty-hygiene/bath-hand-wash/body-scrubs-exfoliants/,beauty-hygiene,bath-hand-wash,body-scrubs-exfoliants
https://www.bigbasket.com/pc/beauty-hygiene/hair-care/hair-color/,beauty-hygiene,hair-care,hair-color
https://www.bigbasket.com/pc/beauty-hygiene/hair-care/hair-oil-serum/,beauty-hygiene,hair-care,hair-oil-serum
https://www.bigbasket.com/pc/beauty-hygiene/hair-care/shampoo-conditioner/,beauty-hygiene,hair-care,shampoo-conditioner
https://www.bigbasket.com/pc/beauty-hygiene/hair-care/hair-scalp-treatment/,beauty-hygiene,hair-care,hair-scalp-treatment
https://www.bigbasket.com/pc/beauty-hygiene/hair-care/hair-styling/,beauty-hygiene,hair-care,hair-styling
https://www.bigbasket.com/pc/beauty-hygiene/hair-care/dry-shampoo-conditioner/,beauty-hygiene,hair-care,dry-shampoo-conditioner
https://www.bigbasket.com/pc/beauty-hygiene/hair-care/tools-accessories/,beauty-hygiene,hair-care,tools-accessories
https://www.bigbasket.com/pc/beauty-hygiene/health-medicine/antiseptics-bandages/,beauty-hygiene,health-medicine,antiseptics-bandages
https://www.bigbasket.com/pc/beauty-hygiene/health-medicine/cotton-ear-buds/,beauty-hygiene,health-medicine,cotton-ear-buds
https://www.bigbasket.com/pc/beauty-hygiene/health-medicine/everyday-medicine/,beauty-hygiene,health-medicine,everyday-medicine
https://www.bigbasket.com/pc/beauty-hygiene/health-medicine/sexual-wellness/,beauty-hygiene,health-medicine,sexual-wellness
https://www.bigbasket.com/pc/beauty-hygiene/health-medicine/face-masks-safety-gears/,beauty-hygiene,health-medicine,face-masks-safety-gears
https://www.bigbasket.com/pc/beauty-hygiene/health-medicine/ayurveda/,beauty-hygiene,health-medicine,ayurveda
https://www.bigbasket.com/pc/beauty-hygiene/health-medicine/supplements-proteins/,beauty-hygiene,health-medicine,supplements-proteins
https://www.bigbasket.com/pc/beauty-hygiene/health-medicine/adult-diapers/,beauty-hygiene,health-medicine,adult-diapers
https://www.bigbasket.com/pc/beauty-hygiene/health-medicine/slimming-products/,beauty-hygiene,health-medicine,slimming-products
https://www.bigbasket.com/pc/beauty-hygiene/mens-grooming/shaving-care/,beauty-hygiene,mens-grooming,shaving-care
https://www.bigbasket.com/pc/beauty-hygiene/mens-grooming/face-body/,beauty-hygiene,mens-grooming,face-body
https://www.bigbasket.com/pc/beauty-hygiene/mens-grooming/bath-shower/,beauty-hygiene,mens-grooming,bath-shower
https://www.bigbasket.com/pc/beauty-hygiene/mens-grooming/talc/,beauty-hygiene,mens-grooming,talc
https://www.bigbasket.com/pc/beauty-hygiene/mens-grooming/hair-care-styling/,beauty-hygiene,mens-grooming,hair-care-styling
https://www.bigbasket.com/pc/beauty-hygiene/mens-grooming/moustache-beard-care/,beauty-hygiene,mens-grooming,moustache-beard-care
https://www.bigbasket.com/pc/beauty-hygiene/mens-grooming/combos-gift-sets/,beauty-hygiene,mens-grooming,combos-gift-sets
https://www.bigbasket.com/pc/beauty-hygiene/skin-care/body-care/,beauty-hygiene,skin-care,body-care
https://www.bigbasket.com/pc/beauty-hygiene/skin-care/face-care/,beauty-hygiene,skin-care,face-care
https://www.bigbasket.com/pc/beauty-hygiene/skin-care/lip-care/,beauty-hygiene,skin-care,lip-care
https://www.bigbasket.com/pc/beauty-hygiene/skin-care/eye-care/,beauty-hygiene,skin-care,eye-care
https://www.bigbasket.com/pc/beauty-hygiene/skin-care/aromatherapy/,beauty-hygiene,skin-care,aromatherapy
https://www.bigbasket.com/pc/beauty-hygiene/makeup/nails/,beauty-hygiene,makeup,nails
https://www.bigbasket.com/pc/beauty-hygiene/makeup/face/,beauty-hygiene,makeup,face
https://www.bigbasket.com/pc/beauty-hygiene/makeup/lips/,beauty-hygiene,makeup,lips
https://www.bigbasket.com/pc/beauty-hygiene/makeup/eyes/,beauty-hygiene,makeup,eyes
https://www.bigbasket.com/pc/beauty-hygiene/makeup/makeup-accessories/,beauty-hygiene,makeup,makeup-accessories
https://www.bigbasket.com/pc/beauty-hygiene/makeup/makeup-kits-gift-sets/,beauty-hygiene,makeup,makeup-kits-gift-sets
https://www.bigbasket.com/pc/beauty-hygiene/fragrances-deos/gift-sets/,beauty-hygiene,fragrances-deos,gift-sets
https://www.bigbasket.com/pc/beauty-hygiene/fragrances-deos/womens-deodorants/,beauty-hygiene,fragrances-deos,womens-deodorants
https://www.bigbasket.com/pc/beauty-hygiene/fragrances-deos/mens-deodorants/,beauty-hygiene,fragrances-deos,mens-deodorants
https://www.bigbasket.com/pc/beauty-hygiene/fragrances-deos/perfume/,beauty-hygiene,fragrances-deos,perfume
https://www.bigbasket.com/pc/beauty-hygiene/fragrances-deos/eau-de-cologne/,beauty-hygiene,fragrances-deos,eau-de-cologne
https://www.bigbasket.com/pc/beauty-hygiene/fragrances-deos/body-sprays-mists/,beauty-hygiene,fragrances-deos,body-sprays-mists
https://www.bigbasket.com/pc/beauty-hygiene/fragrances-deos/eau-de-parfum/,beauty-hygiene,fragrances-deos,eau-de-parfum
https://www.bigbasket.com/pc/beauty-hygiene/fragrances-deos/eau-de-toilette/,beauty-hygiene,fragrances-deos,eau-de-toilette
https://www.bigbasket.com/pc/beauty-hygiene/fragrances-deos/attar/,beauty-hygiene,fragrances-deos,attar
https://www.bigbasket.com/pc/cleaning-household/detergents-dishwash/detergent-powder-liquid/,cleaning-household,detergents-dishwash,detergent-powder-liquid
https://www.bigbasket.com/pc/cleaning-household/detergents-dishwash/fabric-pre-post-wash/,cleaning-household,detergents-dishwash,fabric-pre-post-wash
https://www.bigbasket.com/pc/cleaning-household/detergents-dishwash/dishwash-liquids-pastes/,cleaning-household,detergents-dishwash,dishwash-liquids-pastes
https://www.bigbasket.com/pc/cleaning-household/detergents-dishwash/dishwash-bars-powders/,cleaning-household,detergents-dishwash,dishwash-bars-powders
https://www.bigbasket.com/pc/cleaning-household/detergents-dishwash/detergent-bars/,cleaning-household,detergents-dishwash,detergent-bars
https://www.bigbasket.com/pc/cleaning-household/all-purpose-cleaners/toilet-cleaners/,cleaning-household,all-purpose-cleaners,toilet-cleaners
https://www.bigbasket.com/pc/cleaning-household/all-purpose-cleaners/kitchen-glass-drain/,cleaning-household,all-purpose-cleaners,kitchen-glass-drain
https://www.bigbasket.com/pc/cleaning-household/all-purpose-cleaners/floor-other-cleaners/,cleaning-household,all-purpose-cleaners,floor-other-cleaners
https://www.bigbasket.com/pc/cleaning-household/all-purpose-cleaners/disinfectant-spray-cleaners/,cleaning-household,all-purpose-cleaners,disinfectant-spray-cleaners
https://www.bigbasket.com/pc/cleaning-household/all-purpose-cleaners/descaler/,cleaning-household,all-purpose-cleaners,descaler
https://www.bigbasket.com/pc/cleaning-household/all-purpose-cleaners/metal-furniture-cleaner/,cleaning-household,all-purpose-cleaners,metal-furniture-cleaner
https://www.bigbasket.com/pc/cleaning-household/all-purpose-cleaners/imported-cleaners/,cleaning-household,all-purpose-cleaners,imported-cleaners
https://www.bigbasket.com/pc/cleaning-household/disposables-garbage-bag/kitchen-rolls/,cleaning-household,disposables-garbage-bag,kitchen-rolls
https://www.bigbasket.com/pc/cleaning-household/disposables-garbage-bag/wet-wipe-pocket-tissues/,cleaning-household,disposables-garbage-bag,wet-wipe-pocket-tissues
https://www.bigbasket.com/pc/cleaning-household/disposables-garbage-bag/garbage-bags/,cleaning-household,disposables-garbage-bag,garbage-bags
https://www.bigbasket.com/pc/cleaning-household/disposables-garbage-bag/toilet-paper/,cleaning-household,disposables-garbage-bag,toilet-paper
https://www.bigbasket.com/pc/cleaning-household/disposables-garbage-bag/aluminium-foil-clingwrap/,cleaning-household,disposables-garbage-bag,aluminium-foil-clingwrap
https://www.bigbasket.com/pc/cleaning-household/disposables-garbage-bag/paper-napkin-tissue-box/,cleaning-household,disposables-garbage-bag,paper-napkin-tissue-box
https://www.bigbasket.com/pc/cleaning-household/fresheners-repellents/insect-repellent/,cleaning-household,fresheners-repellents,insect-repellent
https://www.bigbasket.com/pc/cleaning-household/fresheners-repellents/mosquito-repellent/,cleaning-household,fresheners-repellents,mosquito-repellent
https://www.bigbasket.com/pc/cleaning-household/fresheners-repellents/air-freshener/,cleaning-household,fresheners-repellents,air-freshener
https://www.bigbasket.com/pc/cleaning-household/mops-brushes-scrubs/utensil-scrub-pad-glove/,cleaning-household,mops-brushes-scrubs,utensil-scrub-pad-glove
https://www.bigbasket.com/pc/cleaning-household/mops-brushes-scrubs/brooms-dust-pans/,cleaning-household,mops-brushes-scrubs,brooms-dust-pans
https://www.bigbasket.com/pc/cleaning-household/mops-brushes-scrubs/dust-cloth-wipes/,cleaning-household,mops-brushes-scrubs,dust-cloth-wipes
https://www.bigbasket.com/pc/cleaning-household/mops-brushes-scrubs/mops-wipers/,cleaning-household,mops-brushes-scrubs,mops-wipers
https://www.bigbasket.com/pc/cleaning-household/mops-brushes-scrubs/toilet-other-brushes/,cleaning-household,mops-brushes-scrubs,toilet-other-brushes
https://www.bigbasket.com/pc/cleaning-household/car-shoe-care/car-freshener/,cleaning-household,car-shoe-care,car-freshener
https://www.bigbasket.com/pc/cleaning-household/car-shoe-care/shoe-polish/,cleaning-household,car-shoe-care,shoe-polish
https://www.bigbasket.com/pc/cleaning-household/car-shoe-care/car-polish-cleaners/,cleaning-household,car-shoe-care,car-polish-cleaners
https://www.bigbasket.com/pc/cleaning-household/car-shoe-care/shoe-shiners-brushes/,cleaning-household,car-shoe-care,shoe-shiners-brushes
https://www.bigbasket.com/pc/cleaning-household/pooja-needs/camphor-wicks/,cleaning-household,pooja-needs,camphor-wicks
https://www.bigbasket.com/pc/cleaning-household/pooja-needs/lamp-lamp-oil/,cleaning-household,pooja-needs,lamp-lamp-oil
https://www.bigbasket.com/pc/cleaning-household/pooja-needs/candles-match-box/,cleaning-household,pooja-needs,candles-match-box
https://www.bigbasket.com/pc/cleaning-household/pooja-needs/agarbatti-incense-sticks/,cleaning-household,pooja-needs,agarbatti-incense-sticks
https://www.bigbasket.com/pc/cleaning-household/pooja-needs/other-pooja-needs/,cleaning-household,pooja-needs,other-pooja-needs
https://www.bigbasket.com/pc/cleaning-household/pooja-needs/pooja-thali-bells/,cleaning-household,pooja-needs,pooja-thali-bells
https://www.bigbasket.com/pc/cleaning-household/stationery/notebooks-files-folders/,cleaning-household,stationery,notebooks-files-folders
https://www.bigbasket.com/pc/cleaning-household/stationery/scissor-glue-tape/,cleaning-household,stationery,scissor-glue-tape
https://www.bigbasket.com/pc/cleaning-household/stationery/pen-pencils/,cleaning-household,stationery,pen-pencils
https://www.bigbasket.com/pc/cleaning-household/stationery/colours-crayons/,cleaning-household,stationery,colours-crayons
https://www.bigbasket.com/pc/cleaning-household/stationery/erasers-sharpeners/,cleaning-household,stationery,erasers-sharpeners
https://www.bigbasket.com/pc/cleaning-household/stationery/exam-pads-pencil-box/,cleaning-household,stationery,exam-pads-pencil-box
https://www.bigbasket.com/pc/cleaning-household/stationery/games-calculators/,cleaning-household,stationery,games-calculators
https://www.bigbasket.com/pc/cleaning-household/stationery/electronic-accessories/,cleaning-household,stationery,electronic-accessories
https://www.bigbasket.com/pc/cleaning-household/bins-bathroom-ware/hangers-clips-rope/,cleaning-household,bins-bathroom-ware,hangers-clips-rope
https://www.bigbasket.com/pc/cleaning-household/bins-bathroom-ware/buckets-mugs/,cleaning-household,bins-bathroom-ware,buckets-mugs
https://www.bigbasket.com/pc/cleaning-household/bins-bathroom-ware/dustbins/,cleaning-household,bins-bathroom-ware,dustbins
https://www.bigbasket.com/pc/cleaning-household/bins-bathroom-ware/laundry-storage-baskets/,cleaning-household,bins-bathroom-ware,laundry-storage-baskets
https://www.bigbasket.com/pc/cleaning-household/bins-bathroom-ware/soap-cases-dispensers/,cleaning-household,bins-bathroom-ware,soap-cases-dispensers
https://www.bigbasket.com/pc/cleaning-household/bins-bathroom-ware/bath-stool-basin-sets/,cleaning-household,bins-bathroom-ware,bath-stool-basin-sets
https://www.bigbasket.com/pc/cleaning-household/bins-bathroom-ware/other-plastic-ware/,cleaning-household,bins-bathroom-ware,other-plastic-ware
https://www.bigbasket.com/pc/cleaning-household/party-festive-needs/disposable-cups-plates/,cleaning-household,party-festive-needs,disposable-cups-plates
https://www.bigbasket.com/pc/cleaning-household/party-festive-needs/caps-balloons-candles/,cleaning-household,party-festive-needs,caps-balloons-candles
https://www.bigbasket.com/pc/cleaning-household/party-festive-needs/gift-wraps-bags/,cleaning-household,party-festive-needs,gift-wraps-bags
https://www.bigbasket.com/pc/cleaning-household/party-festive-needs/decorations/,cleaning-household,party-festive-needs,decorations
https://www.bigbasket.com/pc/cleaning-household/party-festive-needs/seasonal-accessories/,cleaning-household,party-festive-needs,seasonal-accessories
https://www.bigbasket.com/pc/cleaning-household/party-festive-needs/gifts/,cleaning-household,party-festive-needs,gifts
https://www.bigbasket.com/pc/kitchen-garden-pets/pet-food-accessories/pet-meals-treats/,kitchen-garden-pets,pet-food-accessories,pet-meals-treats
https://www.bigbasket.com/pc/kitchen-garden-pets/pet-food-accessories/pet-feeding-support/,kitchen-garden-pets,pet-food-accessories,pet-feeding-support
https://www.bigbasket.com/pc/kitchen-garden-pets/pet-food-accessories/pet-cleaning-grooming/,kitchen-garden-pets,pet-food-accessories,pet-cleaning-grooming
https://www.bigbasket.com/pc/kitchen-garden-pets/pet-food-accessories/pet-collars-leashes/,kitchen-garden-pets,pet-food-accessories,pet-collars-leashes
https://www.bigbasket.com/pc/kitchen-garden-pets/pet-food-accessories/pet-toys/,kitchen-garden-pets,pet-food-accessories,pet-toys
https://www.bigbasket.com/pc/kitchen-garden-pets/appliances-electricals/battery-electrical/,kitchen-garden-pets,appliances-electricals,battery-electrical
https://www.bigbasket.com/pc/kitchen-garden-pets/appliances-electricals/led-bulbs-battens/,kitchen-garden-pets,appliances-electricals,led-bulbs-battens
https://www.bigbasket.com/pc/kitchen-garden-pets/steel-utensils/steel-storage-containers/,kitchen-garden-pets,steel-utensils,steel-storage-containers
https://www.bigbasket.com/pc/kitchen-garden-pets/steel-utensils/plates-tumblers/,kitchen-garden-pets,steel-utensils,plates-tumblers
https://www.bigbasket.com/pc/kitchen-garden-pets/steel-utensils/copper-utensils/,kitchen-garden-pets,steel-utensils,copper-utensils
https://www.bigbasket.com/pc/kitchen-garden-pets/steel-utensils/bowls-vessels/,kitchen-garden-pets,steel-utensils,bowls-vessels
https://www.bigbasket.com/pc/kitchen-garden-pets/steel-utensils/steel-lunch-boxes/,kitchen-garden-pets,steel-utensils,steel-lunch-boxes
https://www.bigbasket.com/pc/kitchen-garden-pets/gardening/fertilizers-pesticides/,kitchen-garden-pets,gardening,fertilizers-pesticides
https://www.bigbasket.com/pc/kitchen-garden-pets/gardening/gardening-tools/,kitchen-garden-pets,gardening,gardening-tools
https://www.bigbasket.com/pc/kitchen-garden-pets/gardening/pots-planters-trays/,kitchen-garden-pets,gardening,pots-planters-trays
https://www.bigbasket.com/pc/kitchen-garden-pets/gardening/seeds-sapling/,kitchen-garden-pets,gardening,seeds-sapling
https://www.bigbasket.com/pc/kitchen-garden-pets/kitchen-accessories/lighters/,kitchen-garden-pets,kitchen-accessories,lighters
https://www.bigbasket.com/pc/kitchen-garden-pets/kitchen-accessories/strainer-ladle-spatula/,kitchen-garden-pets,kitchen-accessories,strainer-ladle-spatula
https://www.bigbasket.com/pc/kitchen-garden-pets/kitchen-accessories/choppers-graters/,kitchen-garden-pets,kitchen-accessories,choppers-graters
https://www.bigbasket.com/pc/kitchen-garden-pets/kitchen-accessories/kitchen-tools-other-accessories/,kitchen-garden-pets,kitchen-accessories,kitchen-tools-other-accessories
https://www.bigbasket.com/pc/kitchen-garden-pets/kitchen-accessories/knives-peelers/,kitchen-garden-pets,kitchen-accessories,knives-peelers
https://www.bigbasket.com/pc/kitchen-garden-pets/cookware-non-stick/gas-stove/,kitchen-garden-pets,cookware-non-stick,gas-stove
https://www.bigbasket.com/pc/kitchen-garden-pets/cookware-non-stick/tawa-sauce-pan/,kitchen-garden-pets,cookware-non-stick,tawa-sauce-pan
https://www.bigbasket.com/pc/kitchen-garden-pets/cookware-non-stick/pressure-cookers/,kitchen-garden-pets,cookware-non-stick,pressure-cookers
https://www.bigbasket.com/pc/kitchen-garden-pets/cookware-non-stick/cookware-sets/,kitchen-garden-pets,cookware-non-stick,cookware-sets
https://www.bigbasket.com/pc/kitchen-garden-pets/cookware-non-stick/kadai-fry-pans/,kitchen-garden-pets,cookware-non-stick,kadai-fry-pans
https://www.bigbasket.com/pc/kitchen-garden-pets/cookware-non-stick/cook-and-serve/,kitchen-garden-pets,cookware-non-stick,cook-and-serve
https://www.bigbasket.com/pc/kitchen-garden-pets/cookware-non-stick/microwavable-cookware/,kitchen-garden-pets,cookware-non-stick,microwavable-cookware
https://www.bigbasket.com/pc/kitchen-garden-pets/flask-casserole/vacuum-flask/,kitchen-garden-pets,flask-casserole,vacuum-flask
https://www.bigbasket.com/pc/kitchen-garden-pets/flask-casserole/casserole/,kitchen-garden-pets,flask-casserole,casserole
https://www.bigbasket.com/pc/kitchen-garden-pets/bakeware/baking-tools-brushes/,kitchen-garden-pets,bakeware,baking-tools-brushes
https://www.bigbasket.com/pc/kitchen-garden-pets/bakeware/bakeware-accessories/,kitchen-garden-pets,bakeware,bakeware-accessories
https://www.bigbasket.com/pc/kitchen-garden-pets/bakeware/bakeware-moulds-cutters/,kitchen-garden-pets,bakeware,bakeware-moulds-cutters
https://www.bigbasket.com/pc/kitchen-garden-pets/crockery-cutlery/glassware/,kitchen-garden-pets,crockery-cutlery,glassware
https://www.bigbasket.com/pc/kitchen-garden-pets/crockery-cutlery/cups-mugs-tumblers/,kitchen-garden-pets,crockery-cutlery,cups-mugs-tumblers
https://www.bigbasket.com/pc/kitchen-garden-pets/crockery-cutlery/plates-bowls/,kitchen-garden-pets,crockery-cutlery,plates-bowls
https://www.bigbasket.com/pc/kitchen-garden-pets/crockery-cutlery/dinner-sets/,kitchen-garden-pets,crockery-cutlery,dinner-sets
https://www.bigbasket.com/pc/kitchen-garden-pets/crockery-cutlery/cutlery-spoon-fork/,kitchen-garden-pets,crockery-cutlery,cutlery-spoon-fork
https://www.bigbasket.com/pc/kitchen-garden-pets/storage-accessories/wall-hooks-hangers/,kitchen-garden-pets,storage-accessories,wall-hooks-hangers
https://www.bigbasket.com/pc/kitchen-garden-pets/storage-accessories/containers-sets/,kitchen-garden-pets,storage-accessories,containers-sets
https://www.bigbasket.com/pc/kitchen-garden-pets/storage-accessories/water-fridge-bottles/,kitchen-garden-pets,storage-accessories,water-fridge-bottles
https://www.bigbasket.com/pc/kitchen-garden-pets/storage-accessories/umbrella/,kitchen-garden-pets,storage-accessories,umbrella
https://www.bigbasket.com/pc/kitchen-garden-pets/storage-accessories/racks-holders/,kitchen-garden-pets,storage-accessories,racks-holders
https://www.bigbasket.com/pc/kitchen-garden-pets/storage-accessories/lunch-boxes/,kitchen-garden-pets,storage-accessories,lunch-boxes
https://www.bigbasket.com/pc/kitchen-garden-pets/storage-accessories/cloth-dryer-iron-table/,kitchen-garden-pets,storage-accessories,cloth-dryer-iron-table
https://www.bigbasket.com/pc/eggs-meat-fish/eggs/farm-eggs/,eggs-meat-fish,eggs,farm-eggs
https://www.bigbasket.com/pc/eggs-meat-fish/eggs/country-eggs/,eggs-meat-fish,eggs,country-eggs
https://www.bigbasket.com/pc/eggs-meat-fish/eggs/protein-eggs/,eggs-meat-fish,eggs,protein-eggs
https://www.bigbasket.com/pc/eggs-meat-fish/eggs/organic-eggs/,eggs-meat-fish,eggs,organic-eggs
https://www.bigbasket.com/pc/eggs-meat-fish/eggs/other-eggs/,eggs-meat-fish,eggs,other-eggs
https://www.bigbasket.com/pc/eggs-meat-fish/poultry/turkey/,eggs-meat-fish,poultry,turkey
https://www.bigbasket.com/pc/eggs-meat-fish/poultry/fresh-chicken/,eggs-meat-fish,poultry,fresh-chicken
https://www.bigbasket.com/pc/eggs-meat-fish/poultry/frozen-chicken/,eggs-meat-fish,poultry,frozen-chicken
https://www.bigbasket.com/pc/eggs-meat-fish/sausages-bacon-salami/chicken-sausages/,eggs-meat-fish,sausages-bacon-salami,chicken-sausages
https://www.bigbasket.com/pc/eggs-meat-fish/sausages-bacon-salami/pork-ham/,eggs-meat-fish,sausages-bacon-salami,pork-ham
https://www.bigbasket.com/pc/eggs-meat-fish/sausages-bacon-salami/turkey-duck/,eggs-meat-fish,sausages-bacon-salami,turkey-duck
https://www.bigbasket.com/pc/eggs-meat-fish/sausages-bacon-salami/lamb/,eggs-meat-fish,sausages-bacon-salami,lamb
https://www.bigbasket.com/pc/eggs-meat-fish/mutton-lamb/fresh-mutton/,eggs-meat-fish,mutton-lamb,fresh-mutton
https://www.bigbasket.com/pc/eggs-meat-fish/mutton-lamb/frozen-mutton/,eggs-meat-fish,mutton-lamb,frozen-mutton
https://www.bigbasket.com/pc/eggs-meat-fish/marinades/marinated-meat/,eggs-meat-fish,marinades,marinated-meat
https://www.bigbasket.com/pc/eggs-meat-fish/fish-seafood/fresh-water-fish/,eggs-meat-fish,fish-seafood,fresh-water-fish
https://www.bigbasket.com/pc/eggs-meat-fish/fish-seafood/dry-fish/,eggs-meat-fish,fish-seafood,dry-fish
https://www.bigbasket.com/pc/eggs-meat-fish/fish-seafood/frozen-fish-seafood/,eggs-meat-fish,fish-seafood,frozen-fish-seafood
https://www.bigbasket.com/pc/eggs-meat-fish/fish-seafood/marine-water-fish/,eggs-meat-fish,fish-seafood,marine-water-fish
https://www.bigbasket.com/pc/eggs-meat-fish/fish-seafood/canned-seafood/,eggs-meat-fish,fish-seafood,canned-seafood
https://www.bigbasket.com/pc/eggs-meat-fish/fish-seafood/prawns-shrimps/,eggs-meat-fish,fish-seafood,prawns-shrimps
https://www.bigbasket.com/pc/eggs-meat-fish/fish-seafood/other-seafood/,eggs-meat-fish,fish-seafood,other-seafood
https://www.bigbasket.com/pc/eggs-meat-fish/pork-other-meats/fresh-frozen-pork/,eggs-meat-fish,pork-other-meats,fresh-frozen-pork
https://www.bigbasket.com/pc/gourmet-world-food/oils-vinegar/extra-virgin-olive-oil/,gourmet-world-food,oils-vinegar,extra-virgin-olive-oil
https://www.bigbasket.com/pc/gourmet-world-food/oils-vinegar/canola-rapeseed-oil/,gourmet-world-food,oils-vinegar,canola-rapeseed-oil
https://www.bigbasket.com/pc/gourmet-world-food/oils-vinegar/pure-pomace-olive-oil/,gourmet-world-food,oils-vinegar,pure-pomace-olive-oil
https://www.bigbasket.com/pc/gourmet-world-food/oils-vinegar/balsamic-cider-vinegar/,gourmet-world-food,oils-vinegar,balsamic-cider-vinegar
https://www.bigbasket.com/pc/gourmet-world-food/oils-vinegar/organic-cold-press-oil/,gourmet-world-food,oils-vinegar,organic-cold-press-oil
https://www.bigbasket.com/pc/gourmet-world-food/oils-vinegar/regular-white-vinegar/,gourmet-world-food,oils-vinegar,regular-white-vinegar
https://www.bigbasket.com/pc/gourmet-world-food/oils-vinegar/flavoured-other-oils/,gourmet-world-food,oils-vinegar,flavoured-other-oils
https://www.bigbasket.com/pc/gourmet-world-food/oils-vinegar/wine-rice-vinegar/,gourmet-world-food,oils-vinegar,wine-rice-vinegar
https://www.bigbasket.com/pc/gourmet-world-food/dairy-cheese/flavoured-greek-yogurt/,gourmet-world-food,dairy-cheese,flavoured-greek-yogurt
https://www.bigbasket.com/pc/gourmet-world-food/dairy-cheese/tofu/,gourmet-world-food,dairy-cheese,tofu
https://www.bigbasket.com/pc/gourmet-world-food/dairy-cheese/milk-soya-drinks/,gourmet-world-food,dairy-cheese,milk-soya-drinks
https://www.bigbasket.com/pc/gourmet-world-food/dairy-cheese/cream-cheese-spreads/,gourmet-world-food,dairy-cheese,cream-cheese-spreads
https://www.bigbasket.com/pc/gourmet-world-food/dairy-cheese/international-cheese/,gourmet-world-food,dairy-cheese,international-cheese
https://www.bigbasket.com/pc/gourmet-world-food/dairy-cheese/gourmet-ice-cream/,gourmet-world-food,dairy-cheese,gourmet-ice-cream
https://www.bigbasket.com/pc/gourmet-world-food/dairy-cheese/butter-cream/,gourmet-world-food,dairy-cheese,butter-cream
https://www.bigbasket.com/pc/gourmet-world-food/snacks-dry-fruits-nuts/nachos-chips/,gourmet-world-food,snacks-dry-fruits-nuts,nachos-chips
https://www.bigbasket.com/pc/gourmet-world-food/snacks-dry-fruits-nuts/dry-fruits-berries/,gourmet-world-food,snacks-dry-fruits-nuts,dry-fruits-berries
https://www.bigbasket.com/pc/gourmet-world-food/snacks-dry-fruits-nuts/gourmet-popcorn/,gourmet-world-food,snacks-dry-fruits-nuts,gourmet-popcorn
https://www.bigbasket.com/pc/gourmet-world-food/snacks-dry-fruits-nuts/healthy-baked-snacks/,gourmet-world-food,snacks-dry-fruits-nuts,healthy-baked-snacks
https://www.bigbasket.com/pc/gourmet-world-food/snacks-dry-fruits-nuts/roasted-seeds-nuts/,gourmet-world-food,snacks-dry-fruits-nuts,roasted-seeds-nuts
https://www.bigbasket.com/pc/gourmet-world-food/snacks-dry-fruits-nuts/trail-cocktail-mixes/,gourmet-world-food,snacks-dry-fruits-nuts,trail-cocktail-mixes
https://www.bigbasket.com/pc/gourmet-world-food/pasta-soup-noodles/pastas-spaghetti/,gourmet-world-food,pasta-soup-noodles,pastas-spaghetti
https://www.bigbasket.com/pc/gourmet-world-food/pasta-soup-noodles/imported-noodles/,gourmet-world-food,pasta-soup-noodles,imported-noodles
https://www.bigbasket.com/pc/gourmet-world-food/pasta-soup-noodles/imported-soups/,gourmet-world-food,pasta-soup-noodles,imported-soups
https://www.bigbasket.com/pc/gourmet-world-food/pasta-soup-noodles/jasmine-sushi-rice/,gourmet-world-food,pasta-soup-noodles,jasmine-sushi-rice
https://www.bigbasket.com/pc/gourmet-world-food/cereals-breakfast/muesli-rice-cakes/,gourmet-world-food,cereals-breakfast,muesli-rice-cakes
https://www.bigbasket.com/pc/gourmet-world-food/cereals-breakfast/imported-oats-porridge/,gourmet-world-food,cereals-breakfast,imported-oats-porridge
https://www.bigbasket.com/pc/gourmet-world-food/cereals-breakfast/cereal-granola-bars/,gourmet-world-food,cereals-breakfast,cereal-granola-bars
https://www.bigbasket.com/pc/gourmet-world-food/cereals-breakfast/gourmet-flakes/,gourmet-world-food,cereals-breakfast,gourmet-flakes
https://www.bigbasket.com/pc/gourmet-world-food/sauces-spreads-dips/chocolate-peanut-spread/,gourmet-world-food,sauces-spreads-dips,chocolate-peanut-spread
https://www.bigbasket.com/pc/gourmet-world-food/sauces-spreads-dips/jams-marmalade-spreads/,gourmet-world-food,sauces-spreads-dips,jams-marmalade-spreads
https://www.bigbasket.com/pc/gourmet-world-food/sauces-spreads-dips/hummus-cheese-salsa-dip/,gourmet-world-food,sauces-spreads-dips,hummus-cheese-salsa-dip
https://www.bigbasket.com/pc/gourmet-world-food/sauces-spreads-dips/mustard-cheese-sauces/,gourmet-world-food,sauces-spreads-dips,mustard-cheese-sauces
https://www.bigbasket.com/pc/gourmet-world-food/sauces-spreads-dips/salad-dressings/,gourmet-world-food,sauces-spreads-dips,salad-dressings
https://www.bigbasket.com/pc/gourmet-world-food/sauces-spreads-dips/thai-asian-sauces/,gourmet-world-food,sauces-spreads-dips,thai-asian-sauces
https://www.bigbasket.com/pc/gourmet-world-food/sauces-spreads-dips/honey-maple-syrup/,gourmet-world-food,sauces-spreads-dips,honey-maple-syrup
https://www.bigbasket.com/pc/gourmet-world-food/chocolates-biscuits/international-chocolates/,gourmet-world-food,chocolates-biscuits,international-chocolates
https://www.bigbasket.com/pc/gourmet-world-food/chocolates-biscuits/luxury-chocolates-gifts/,gourmet-world-food,chocolates-biscuits,luxury-chocolates-gifts
https://www.bigbasket.com/pc/gourmet-world-food/chocolates-biscuits/crackers-digestive/,gourmet-world-food,chocolates-biscuits,crackers-digestive
https://www.bigbasket.com/pc/gourmet-world-food/chocolates-biscuits/marshmallow-candy-jelly/,gourmet-world-food,chocolates-biscuits,marshmallow-candy-jelly
https://www.bigbasket.com/pc/gourmet-world-food/chocolates-biscuits/cookies-biscotti-wafer/,gourmet-world-food,chocolates-biscuits,cookies-biscotti-wafer
https://www.bigbasket.com/pc/gourmet-world-food/cooking-baking-needs/curry-paste-coconut-milk/,gourmet-world-food,cooking-baking-needs,curry-paste-coconut-milk
https://www.bigbasket.com/pc/gourmet-world-food/cooking-baking-needs/cooking-chocolate-cocoa/,gourmet-world-food,cooking-baking-needs,cooking-chocolate-cocoa
https://www.bigbasket.com/pc/gourmet-world-food/cooking-baking-needs/exotic-sugar-salt/,gourmet-world-food,cooking-baking-needs,exotic-sugar-salt
https://www.bigbasket.com/pc/gourmet-world-food/cooking-baking-needs/quinoa-grains/,gourmet-world-food,cooking-baking-needs,quinoa-grains
https://www.bigbasket.com/pc/gourmet-world-food/cooking-baking-needs/baking-cake-decorations/,gourmet-world-food,cooking-baking-needs,baking-cake-decorations
https://www.bigbasket.com/pc/gourmet-world-food/cooking-baking-needs/flours-pre-mixes/,gourmet-world-food,cooking-baking-needs,flours-pre-mixes
https://www.bigbasket.com/pc/gourmet-world-food/cooking-baking-needs/baking-accessories/,gourmet-world-food,cooking-baking-needs,baking-accessories
https://www.bigbasket.com/pc/gourmet-world-food/cooking-baking-needs/herbs-seasonings-rubs/,gourmet-world-food,cooking-baking-needs,herbs-seasonings-rubs
https://www.bigbasket.com/pc/gourmet-world-food/drinks-beverages/coffee-pre-mix/,gourmet-world-food,drinks-beverages,coffee-pre-mix
https://www.bigbasket.com/pc/gourmet-world-food/drinks-beverages/aerated-still-sparkling/,gourmet-world-food,drinks-beverages,aerated-still-sparkling
https://www.bigbasket.com/pc/gourmet-world-food/drinks-beverages/cocktail-mixes/,gourmet-world-food,drinks-beverages,cocktail-mixes
https://www.bigbasket.com/pc/gourmet-world-food/drinks-beverages/health-drinks/,gourmet-world-food,drinks-beverages,health-drinks
https://www.bigbasket.com/pc/gourmet-world-food/drinks-beverages/non-alcoholic-beer-wine/,gourmet-world-food,drinks-beverages,non-alcoholic-beer-wine
https://www.bigbasket.com/pc/gourmet-world-food/drinks-beverages/gourmet-juices-drinks/,gourmet-world-food,drinks-beverages,gourmet-juices-drinks
https://www.bigbasket.com/pc/gourmet-world-food/drinks-beverages/gourmet-tea-tea-bags/,gourmet-world-food,drinks-beverages,gourmet-tea-tea-bags
https://www.bigbasket.com/pc/gourmet-world-food/tinned-processed-food/olive-jalapeno-gherkin/,gourmet-world-food,tinned-processed-food,olive-jalapeno-gherkin
https://www.bigbasket.com/pc/gourmet-world-food/tinned-processed-food/beans-pulses/,gourmet-world-food,tinned-processed-food,beans-pulses
https://www.bigbasket.com/pc/gourmet-world-food/tinned-processed-food/fruits-pulps/,gourmet-world-food,tinned-processed-food,fruits-pulps
https://www.bigbasket.com/pc/gourmet-world-food/tinned-processed-food/tomatoes-vegetables/,gourmet-world-food,tinned-processed-food,tomatoes-vegetables
https://www.bigbasket.com/pc/gourmet-world-food/tinned-processed-food/fish-tuna/,gourmet-world-food,tinned-processed-food,fish-tuna
https://www.bigbasket.com/pc/gourmet-world-food/tinned-processed-food/meats-sausages/,gourmet-world-food,tinned-processed-food,meats-sausages
https://www.bigbasket.com/pc/baby-care/diapers-wipes/diapers/,baby-care,diapers-wipes,diapers
https://www.bigbasket.com/pc/baby-care/diapers-wipes/baby-wipes/,baby-care,diapers-wipes,baby-wipes
https://www.bigbasket.com/pc/baby-care/diapers-wipes/nappies-rash-cream/,baby-care,diapers-wipes,nappies-rash-cream
https://www.bigbasket.com/pc/baby-care/baby-bath-hygiene/baby-bath/,baby-care,baby-bath-hygiene,baby-bath
https://www.bigbasket.com/pc/baby-care/baby-bath-hygiene/baby-oil-shampoo/,baby-care,baby-bath-hygiene,baby-oil-shampoo
https://www.bigbasket.com/pc/baby-care/baby-bath-hygiene/baby-buds/,baby-care,baby-bath-hygiene,baby-buds
https://www.bigbasket.com/pc/baby-care/baby-bath-hygiene/baby-creams-lotions/,baby-care,baby-bath-hygiene,baby-creams-lotions
https://www.bigbasket.com/pc/baby-care/baby-bath-hygiene/baby-powder/,baby-care,baby-bath-hygiene,baby-powder
https://www.bigbasket.com/pc/baby-care/baby-bath-hygiene/baby-laundry/,baby-care,baby-bath-hygiene,baby-laundry
https://www.bigbasket.com/pc/baby-care/baby-bath-hygiene/baby-oral-care/,baby-care,baby-bath-hygiene,baby-oral-care
https://www.bigbasket.com/pc/baby-care/baby-bath-hygiene/baby-health/,baby-care,baby-bath-hygiene,baby-health
https://www.bigbasket.com/pc/baby-care/baby-bath-hygiene/baby-gift-sets/,baby-care,baby-bath-hygiene,baby-gift-sets
https://www.bigbasket.com/pc/baby-care/baby-food-formula/infant-formula/,baby-care,baby-food-formula,infant-formula
https://www.bigbasket.com/pc/baby-care/baby-food-formula/baby-food/,baby-care,baby-food-formula,baby-food
https://www.bigbasket.com/pc/baby-care/baby-food-formula/organic-baby-food/,baby-care,baby-food-formula,organic-baby-food
https://www.bigbasket.com/pc/baby-care/mothers-maternity/maternity-health-supplements/,baby-care,mothers-maternity,maternity-health-supplements
https://www.bigbasket.com/pc/baby-care/mothers-maternity/maternity-personal-care/,baby-care,mothers-maternity,maternity-personal-care
https://www.bigbasket.com/pc/baby-care/feeding-nursing/nursing-tools/,baby-care,feeding-nursing,nursing-tools
https://www.bigbasket.com/pc/baby-care/feeding-nursing/sippers-bottles/,baby-care,feeding-nursing,sippers-bottles
https://www.bigbasket.com/pc/baby-care/feeding-nursing/baby-dishes-utensils/,baby-care,feeding-nursing,baby-dishes-utensils
https://www.bigbasket.com/pc/baby-care/feeding-nursing/bibs-napkins/,baby-care,feeding-nursing,bibs-napkins
https://www.bigbasket.com/pc/baby-care/baby-accessories/other-baby-accessories/,baby-care,baby-accessories,other-baby-accessories
https://www.bigbasket.com/pc/baby-care/baby-accessories/combs-brushes-clippers/,baby-care,baby-accessories,combs-brushes-clippers
https://www.bigbasket.com/pc/baby-care/baby-accessories/soothers-teethers/,baby-care,baby-accessories,soothers-teethers
https://www.bigbasket.com/pc/baby-care/baby-accessories/baby-toys/,baby-care,baby-accessories,baby-toys
https://www.bigbasket.com/pc/baby-care/baby-accessories/kids-deo/,baby-care,baby-accessories,kids-deo
